Points, URL
1895,https://blog.cloudflare.com/announcing-1111/
1018,https://www.mattcutts.com/blog/cindy-cutts/
989,https://stripe.com/blog/ending-bitcoin-support
912,https://hacks.mozilla.org/2018/01/making-webassembly-even-faster-firefoxs-new-streaming-and-tiering-compiler/
806,https://security.googleblog.com/2018/02/a-secure-web-is-here-to-stay.html
757,https://zachholman.com/talk/utc-is-enough-for-everyone-right
700,http://raganwald.com/2018/02/23/forde.html
685,https://rachelbythebay.com/w/2018/03/26/w/
620,https://stripe.com/blog/billing
562,https://danluu.com/cpu-bugs/
559,https://hacks.mozilla.org/2018/04/sneak-peek-at-webassembly-studio/
515,https://blog.rust-lang.org/2018/03/12/roadmap.html
503,https://blog.rust-lang.org/2018/02/15/Rust-1.24.html
496,https://stripe.com/blog/stripe-home
495,https://blog.rust-lang.org/2018/05/10/Rust-1.26.html
480,http://www.catonmat.net/blog/incredible-events-at-browserling/
462,https://jvns.ca/blog/2018/01/13/rust-in-2018--way-easier-to-use/
462,http://lucumr.pocoo.org/2018/3/31/you-cant-rust-that/
459,https://blog.cloudflare.com/today-we-mitigated-1-1-1-1/
455,https://hacks.mozilla.org/2018/02/css-grid-for-ui-layouts/
448,https://blog.golang.org/versioning-proposal
424,https://jvns.ca/blog/2018/02/18/working-remotely--4-years-in/
416,https://aws.amazon.com/blogs/aws/amazon-aurora-backtrack-turn-back-time/
413,https://hacks.mozilla.org/2018/04/hello-wasm-pack/
408,https://engineering.instagram.com/open-sourcing-a-10x-reduction-in-apache-cassandra-tail-latency-d64f86b43589
403,https://stripe.com/blog/atlas-llc?c
400,https://hacks.mozilla.org/2018/05/a-cartoon-intro-to-dns-over-https/
398,https://hacks.mozilla.org/2018/03/making-webassembly-better-for-rust-for-all-languages/
396,https://blogs.dropbox.com/tech/2018/03/protecting-security-researchers/
389,https://medium.com/@NetflixTechBlog/netflix-flamescope-a57ca19d47bb
384,https://aws.amazon.com/blogs/aws/aws-secrets-manager-store-distribute-and-rotate-credentials-securely/
384,https://www.cockroachlabs.com/blog/2-dot-0-perf-strides/
381,https://danluu.com/bimodal-compensation/
380,https://facebook.github.io/react-native/blog/2018/06/14/state-of-react-native-2018
369,https://githubengineering.com/ddos-incident-report/
362,http://nullprogram.com/blog/2018/06/10/
351,https://blog.golang.org/go-brand
349,https://jvns.ca/blog/2018/01/28/mac-freeze/
346,http://norvig.com/spell-correct.html
342,http://www.catonmat.net/blog/low-level-bit-hacks-you-absolutely-must-know/
336,https://rachelbythebay.com/w/2018/04/21/lb/
327,https://security.googleblog.com/2018/01/more-details-about-mitigations-for-cpu_4.html
325,http://www.brendangregg.com/blog/2018-03-22/tcp-tracepoints.html
324,https://drewdevault.com/2018/03/24/Decentralize-decentralize-decentralize.html
319,https://blog.acolyer.org/2018/01/29/the-paradigms-of-programming/
313,https://drewdevault.com/2018/05/03/Google-embraces-extends-extinguishes.html
311,https://medium.com/@steve.yegge/why-i-left-google-to-join-grab-86dfffc0be84
299,https://www.cockroachlabs.com/blog/cockroachdb-2-0-release/
296,https://code.facebook.com/posts/253852078523394/av1-beats-x264-and-libvpx-vp9-in-practical-use-case/
295,https://hookrace.net/blog/cycling-to-work/
289,https://blog.acolyer.org/2018/01/12/one-model-to-learn-them-all/
289,https://jeremykun.com/2018/04/13/for-mathematicians-does-not-mean-equality/
285,https://hookrace.net/blog/turning-down-blockchain/?
274,https://blogs.dropbox.com/tech/2018/04/4696/
267,https://samsaffron.com/archive/2018/03/22/managing-db-schema-changes-without-downtime
264,https://codeblog.jonskeet.uk/2018/03/17/stack-overflow-culture/amp/
261,https://blog.cloudflare.com/bye-bye-blackbird/
256,https://blogs.msdn.microsoft.com/dotnet/2018/05/30/announcing-net-core-2-1/
256,https://martinfowler.com/articles/products-over-projects.html
252,https://blog.cloudflare.com/neon-is-the-new-black/
250,https://blog.cloudflare.com/welcome-hidden-resolver/
235,https://software.intel.com/en-us/blogs/2014/02/19/why-has-cpu-frequency-ceased-to-grow
234,https://engineering.tumblr.com/post/170040992289/how-i-review-code
234,http://blog.atom.io/2018/01/10/the-state-of-atoms-performance.html
233,https://www.joelonsoftware.com/2018/04/06/the-stack-overflow-age/
228,https://blog.cryptographyengineering.com/2018/04/07/hash-based-signatures-an-illustrated-primer/
226,http://www.brendangregg.com/blog/2018-02-09/kpti-kaiser-meltdown-performance.html
225,http://www.mattwarren.org/2018/03/02/How-generics-were-added-to-.NET/
221,https://dave.cheney.net/2018/01/08/gos-hidden-pragmas
220,https://martinfowler.com/articles/201803-refactoring-2nd-ed.html
215,https://rachelbythebay.com/w/2018/03/27/whowhat/
212,https://www.cockroachlabs.com/blog/distributed-database-performance/
208,https://medium.com/@steve.yegge/google-doesnt-necessarily-need-innovation-95cea96d0eeb?r=1
207,http://nullprogram.com/blog/2018/05/31/
204,https://blog.jooq.org/2018/06/06/truth-first-or-why-you-should-mostly-implement-database-first-designs/
202,https://medium.com/netflix-techblog/the-end-of-video-coding-40cf10e711a2
197,https://blog.twitter.com/engineering/en_us/topics/insights/2018/twittertensorflow.html
196,https://engineering.instagram.com/copy-on-write-friendly-python-garbage-collection-ad6ed5233ddf
195,https://drewdevault.com/2018/02/17/Writing-a-Wayland-compositor-1.html
187,http://prog21.dadgum.com/114.html
184,http://norvig.com/21-days.html
183,https://medium.com/@steve.yegge/who-will-steal-android-from-google-af3622b6252e
182,https://blog.acolyer.org/2018/01/26/a-practitioners-guide-to-reading-programming-languages-papers/
179,http://www.bfilipek.com/2018/04/deprecating-pointers.html#
177,http://lambda-the-ultimate.org/node/5504
175,https://crystal-lang.org/2018/06/15/crystal-0.25.0-released.html
174,https://blog.jessfraz.com/post/nerd-sniped-by-binfmt_misc/
173,https://medium.com/@NetflixTechBlog/titus-the-netflix-container-management-platform-is-now-open-source-f868c9fb5436
171,https://blog.golang.org/go1.10
167,https://open.blogs.nytimes.com/2015/04/09/extracting-structured-data-from-recipes-using-conditional-random-fields/
166,https://blog.graph.cool/introducing-prisma-1ff423fd629e
166,http://www.mattwarren.org/2018/06/07/CoreRT-.NET-Runtime-for-AOT/
166,https://drewdevault.com/2018/03/17/Hack-everything-without-fear.html
161,http://teropa.info/loop/
160,https://jvns.ca/blog/2018/01/04/how-does-gdb-call-functions/
160,https://os.phil-opp.com/second-edition/
160,https://blog.cryptographyengineering.com/2018/01/10/attack-of-the-week-group-messaging-in-whatsapp-and-signal/
158,https://blog.acolyer.org/2018/04/19/darwin-a-genomics-co-processor-provides-up-to-15000x-acceleration-on-long-read-assembly/
152,http://dtrace.org/blogs/bmc/2018/02/03/talks/
151,https://jvns.ca/blog/2018/05/11/batch-editing-files-with-ed/
149,https://adambard.com/blog/what-is-homoiconicity/
147,https://rachelbythebay.com/w/2018/03/13/write/
147,http://blog.fogus.me/2018/01/02/the-best-things-and-stuff-of-2017/
146,https://jvns.ca/blog/2018/03/31/reverse-engineering-notability-format/
143,https://crystal-lang.org/
142,http://dragan.rocks/articles/18/Interactive-GPU-Programming-2-Hello-OpenCL
142,https://blog.acolyer.org/2018/06/05/servicefabric-a-distributed-platform-for-building-microservices-in-the-cloud/
141,https://githubengineering.com/crypto-deprecation-notice/
139,https://www.cockroachlabs.com/blog/kubernetes-state-of-stateful-apps/
139,https://blog.golang.org/survey2017-results
139,https://blog.acolyer.org/2018/03/16/when-coding-style-survives-compilation-de-anonymizing-programmers-from-executable-binaries/
137,https://blog.acolyer.org/2018/01/17/some-thoughts-on-security-after-ten-years-of-qmail-1-0/
135,https://databricks.com/blog/2018/06/05/introducing-mlflow-an-open-source-machine-learning-platform.html
133,http://norvig.com/python-lisp.html
133,https://www.cockroachlabs.com/blog/database-evolution/
133,http://www.brendangregg.com/blog/2018-01-17/measure-working-set-size.html
131,http://www.mattwarren.org/2018/01/22/Resources-for-Learning-about-.NET-Internals/
131,https://blogs.nvidia.com/blog/2018/01/31/ai-detect-sarcasm/
129,https://eng.uber.com/mysql-migration/
125,https://rachelbythebay.com/w/2018/04/22/sauce/
124,https://medium.com/javascript-scene/how-to-turn-a-job-opening-into-a-dream-job-for-top-talent-14b63f03146d
121,https://jvns.ca/blog/2018/02/05/rust-bcc/
118,http://dragan.rocks/articles/17/Clojure-Numerics-5-Orthogonalization-and-Least-Squares
116,https://jvns.ca/blog/2018/03/28/open-source-sabbatical---awesome/
115,http://nullprogram.com/blog/2018/05/01/
113,https://www.chenhuijing.com/blog/math-and-front-end/#%F0%9F%8F%80
108,https://danluu.com/symbolics-lisp-machines/
106,https://blogs.dropbox.com/tech/2018/03/meet-bandaid-the-dropbox-service-proxy/
99,https://rachelbythebay.com/w/2018/04/02/cpp/
97,https://eng.lyft.com/application-security-in-a-devops-environment-53092f8a6048
95,https://blogs.msdn.microsoft.com/oldnewthing/20180205-00/?p=97965
95,https://benchling.engineering/from-200k-lines-of-coffeescript-to-zero-making-decaffeinate-super-stable-4de0ca68d9bc
94,https://githubengineering.com/removing-oobgc/
93,http://blog.robertelder.org/jim-roskind-grammar/
93,https://rachelbythebay.com/w/2018/05/13/dates/
93,https://blog.ipfs.io/35-ipfs-companion-2-2-0/#hn2
91,http://eng.uber.com/go-geofence/
83,https://blog.algolia.com/building-real-time-analytics-apis/
81,https://rachelbythebay.com/w/2018/04/29/core/
81,https://www.cockroachlabs.com/blog/performance-part-two/
79,https://blog.jetbrains.com/kotlin/2018/02/kotlinnative-v0-6-is-here/?
76,https://martinfowler.com/articles/agileFluency.html
76,https://robots.thoughtbot.com/the-many-uses-of-org-mode
75,https://blogs.nvidia.com/blog/2018/05/04/gpp/
73,https://blog.jetbrains.com/kotlin/2018/01/kotlin-1-2-20-is-out/
73,https://medium.com/walmartlabs/the-benefits-of-server-side-rendering-over-client-side-rendering-5d07ff2cefe8
72,https://benchling.engineering/powering-crispr-with-aws-lambda-f22c151a1ffc
71,https://blogs.nvidia.com/blog/2018/01/12/an-ai-for-ai-new-algorithm-poised-to-fuel-scientific-discovery/
69,https://rachelbythebay.com/w/2018/04/06/learn/
67,https://martinfowler.com/bliki/Datensparsamkeit.html
67,http://www.windytan.com/2017/11/in-pursuit-of-otamas-tone.html
67,https://blog.jessfraz.com/post/building-container-images-securely-on-kubernetes/
66,https://medium.com/javascript-scene/how-one-jira-ticket-made-my-employer-1mm-month-7-metrics-that-actually-matter-ffb5b2376a6b
66,https://www.igvita.com/2012/02/06/sstable-and-log-structured-storage-leveldb/
65,http://engineering.khanacademy.org/posts/original-serverless.htm
64,https://blog.jooq.org/2018/05/14/selecting-all-columns-except-one-in-postgresql/
64,https://rachelbythebay.com/w/2018/04/10/var/
64,https://blog.discordapp.com/open-source-and-discord-b7466080fbf2
63,https://blogs.nvidia.com/blog/2018/06/08/worlds-fastest-exascale-ai-supercomputer-summit/
63,https://blogs.nvidia.com/blog/2014/02/14/kings-quest/
63,https://rachelbythebay.com/w/2012/01/09/rigor/
62,https://martinfowler.com/bliki/OrmHate.html
60,https://crypt.codemancers.com/posts/2018-04-24-intro-to-interceptor/
59,https://www.joelonsoftware.com/2018/01/12/birdcage-liners/
56,https://www.digitalocean.com/community/tutorials/introduction-to-the-dom
53,http://www.yegor256.com/2018/03/13/fluent-interfaces.html
52,http://preshing.com/20110926/high-resolution-mandelbrot-in-obfuscated-python/
45,https://blogs.windows.com/msedgedev/2018/02/06/welcoming-progressive-web-apps-edge-windows-10/
44,https://idea.popcount.org/2013-09-05-it-aint-about-the-callbacks/
42,https://labs.spotify.com/2013/12/12/what-it-feels-like-being-an-ipad-on-a-stick-on-wheels/
42,https://blog.getbootstrap.com/
41,https://blog.twitter.com/engineering/en_us/topics/insights/2017/Our-Discovery-of-Cramming.html
41,https://blog.jessfraz.com/post/hard-multi-tenancy-in-kubernetes/
41,https://drewdevault.com/2018/05/29/Embedding-files-in-C.html
41,https://blogs.nvidia.com/blog/2018/02/19/lexiconmd-ai-powered-app/
40,http://www.red-lang.org/2018/01/answers-to-community-questions.html
39,https://security.googleblog.com/2018/01/todays-cpu-vulnerability-what-you-need.html
36,https://os.phil-opp.com/news/2018-03-09-pure-rust/
35,https://blog.getbootstrap.com/2018/04/09/bootstrap-4-1/
33,https://blog.codinghorror.com/we-are-typists-first-programmers-second/
31,https://codeblog.jonskeet.uk/2018/03/17/stack-overflow-culture/
30,https://philipwalton.com/articles/how-we-track-pageviews-is-all-wrong/
28,https://www.nytimes.com/2017/09/27/science/black-holes-collision-ligo-virgo.html?_r=0
28,https://blog.twitter.com/engineering/en_us/topics/open-source/2018/heron-donated-to-apache-software-foundation.html
26,https://blog.graph.cool/introducing-prisma-cloud-a-graphql-database-platform-ed591baa8737
26,https://medium.com/netflix-techblog/project-nimble-region-evacuation-reimagined-d0d0568254d4
24,https://developer.okta.com/blog/2018/06/11/how-to-prevent-your-users-from-using-breached-passwords
24,https://blog.golang.org/conduct-2018
21,https://swizec.com/blog/how-i-sidehustled-72167-last-year-and-what-i-wanna-do-next/swizec/8016
20,http://blog.cleancoder.com/uncle-bob/2018/04/13/FPvsOO.html
20,https://blog.jessfraz.com/post/containers-security-and-echo-chambers/
19,https://idea.popcount.org/2013-07-19-how-to-sleep-a-million-years/
19,https://blog.codeship.com/codeship-acquired-by-cloudbees/
18,https://www.joelonsoftware.com/2018/05/03/announcing-stack-overflow-for-teams/
17,https://realpython.com/blog/python/world-class-companies-using-python/
16,https://zachholman.com/posts/apple-accessories-ecosystem-problem
16,https://slack.engineering/moving-fast-and-securing-things-540e6c5ae58a
15,https://blog.jooq.org/2018/02/05/calculating-tuppers-self-referential-formula-with-sql/
13,https://blog.algolia.com/bringing-search-to-angular
13,https://engineering.shopify.com/blogs/engineering/shopify-infrastructure-collaboration-with-google
12,http://www.bfilipek.com/2017/12/cpp-status-2017.html
12,http://blog.cleancoder.com/uncle-bob/2018/04/02/InTheLarge.html
12,https://www.digitalocean.com/community/tutorials/a-deep-dive-into-iptables-and-netfilter-architecture
12,https://jobandtalent.engineering/optimizing-docker-images-for-a-faster-development-workflow-591dc3ac4de0
11,https://haptik.ai/tech/analytics-dashboard-chatbots/
10,https://slack.engineering/keep-webpack-fast-a-field-guide-for-better-build-performance-f56a5995e8f1
10,http://www.johnwittenauer.net/a-sampling-of-monte-carlo-methods/
10,https://blog.cryptographyengineering.com/2018/05/17/was-the-efail-disclosure-horribly-screwed-up/
10,https://www.sitepoint.com/the-ico-thats-disrupting-the-way-you-start-and-run-companies/
10,https://drewdevault.com/2018/06/05/Should-you-move-to-sr.ht.html
9,https://engineering.riotgames.com/news/taxonomy-tech-debt
9,https://dave.cheney.net/2018/01/16/containers-versus-operating-systems
9,https://engineering.gosquared.com/salesforce-rest-api-integration
9,https://robots.thoughtbot.com/you-should-take-a-codecation
9,https://databricks.com/blog/2018/03/27/introducing-click-the-command-line-interactive-controller-for-kubernetes.html
9,http://tech.trivago.com/2018/01/10/splitting-a-monitoring-monolith-into-separate-components/
8,https://engineering.linkedin.com/blog/2018/02/dynamometer--scale-testing-hdfs-on-minimal-hardware-with-maximum
8,https://crystal-lang.org/2018/02/06/lucky-with-crystal.html
8,https://crypt.codemancers.com/posts/2017-11-22-elixir-remote-debugging/
8,https://blog.algolia.com/api-documentation-choosing-right-tool/
8,https://blogs.nvidia.com/blog/2018/04/12/gpu-accelerated-analytics-mapd-cloud/
7,http://dragan.rocks/articles/17/Clojure-Numerics-6-More-Linear-Algebra-Fun-with-Least-Squares
7,https://medium.com/netflix-techblog/open-sourcing-zuul-2-82ea476cb2b3
7,https://www.digitalocean.com/community/tutorials/why-you-may-not-want-to-run-your-own-mail-server
7,https://medium.com/netflix-techblog/fast-json-api-serialization-with-ruby-on-rails-7c06578ad17f
7,https://www.joelonsoftware.com/2018/04/13/gamification/
7,https://evilmartians.com/chronicles/speaking-with-an-accent
7,https://blog.jooq.org/2016/07/04/how-functional-programming-will-finally-do-away-with-the-gof-patterns/
7,https://slack.engineering/interops-labyrinth-sharing-code-between-web-electron-apps-f9474d62eccc
7,https://drivy.engineering/api-documentation/
7,https://medium.com/netflix-techblog/titus-the-netflix-container-management-platform-is-now-open-source-f868c9fb5436
6,https://blog.graph.cool/reusing-composing-graphql-apis-with-graphql-bindings-80a4aa37cff5
6,https://www.pubnub.com/blog/implementing-pubnub-dapp-with-ethereum-blockchain/?devrel_hn=cameron
6,https://developers.livechatinc.com/blog/how-to-create-javascript-libraries-in-2018-part-1/
6,https://engineering.linkedin.com/blog/2018/03/how-we-built-the-same-app-twice-with-preact-and-glimmerjs
6,https://engineering.linkedin.com/blog/2018/04/samza-aeon--latency-insights-for-asynchronous-one-way-flows
6,https://bytes.babbel.com/en/articles/2018-03-27-join-babbel-neos.html
6,https://www.joelonsoftware.com/2018/04/23/strange-and-maddening-rules/
6,https://blog.graph.cool/prisma-now-supports-postgres-aad74ba479cb
6,http://artsy.github.io/blog/2018/03/17/two-years-of-react-native/
6,https://www.pubnub.com/blog/pubnub-chatengine-is-faster-than-imessage/
6,https://medium.com/@NetflixTechBlog/tips-for-high-availability-be0472f2599c
6,https://www.joelonsoftware.com/2000/08/09/the-joel-test-12-steps-to-better-code/
6,http://blog.joda.org/2018/02/java-9-has-six-weeks-to-live.html
6,http://dragan.rocks/articles/18/Interactive-GPU-Programming-1-Hello-CUDA
6,https://developer.okta.com/blog/2018/04/17/webauthn-developers-guide-to-whats-on-the-horizon
5,http://engineering.curalate.com/2018/02/01/deep-metric-embedding.html
5,https://dave.cheney.net/2018/05/29/how-the-go-runtime-implements-maps-efficiently-without-generics
5,https://developers.soundcloud.com/blog/pagerank-in-spark
5,http://tech.adroll.com/blog/dev/2018/01/08/quaff-that-potion-saving-millions-with-elixir-and-erlang.html
5,https://tech.scrunch.com/blog/deep-learning-on-lambda-part-1-architecture-and-performance
5,https://medium.com/airbnb-engineering/reconciling-graphql-and-thrift-at-airbnb-a97e8d290712
5,https://developers.soundcloud.com/blog/managing-unplanned-and-support-tasks
5,https://www.pubnub.com/blog/build-a-twitter-chatbot-with-pubnub-functions/
5,http://blog.klipse.tech/lisp/2018/05/07/blog-common-lisp.html
5,https://engineering.vena.io/2018/01/31/when-is-a-set-not-a-set/
5,https://jeremykun.com/2016/04/18/singular-value-decomposition-part-1-perspectives-on-linear-algebra/
5,http://mherman.org/blog/2018/01/02/user-authentication-with-passport-and-koa/#.Wk-GvJhxoA0.hackernews
5,https://blog.sketchapp.com/prototyping-libraries-on-sketch-cloud-and-an-official-ios-ui-kit-in-sketch-49-bf090c70796c
5,https://www.joelonsoftware.com/2000/04/06/things-you-should-never-do-part-i/
5,https://heap.engineering/making-our-apis-solid-by-breaking-them-in-production
5,https://engineering.riotgames.com/news/profiling-optimisation
5,https://developer.okta.com/blog/2018/02/27/a-breakdown-of-the-new-saml-authentication-bypass-vulnerability
5,https://www.mattcutts.com/blog/google-contributor/
5,https://ericlippert.com/2015/04/27/wizards-and-warriors-part-one/
4,https://nickdesaulniers.github.io/blog/2018/06/02/speeding-up-linux-kernel-builds-with-ccache/
4,http://www.red-lang.org/2018/01/red-here-we-go.html
4,https://www.sitepoint.com/an-introduction-to-sails-js/
4,https://tech.instacart.com/how-to-build-a-deep-learning-model-in-15-minutes-a3684c6f71e
4,https://kev.inburke.com/kevin/quick-dirty-profiling/
4,http://www.bfilipek.com/2018/03/ifconstexpr.html
4,https://www.thumbtack.com/engineering/structured-engineering-hiring-thumbtack/
4,http://tech.adroll.com/blog/data-science/2018/04/26/just-binary-classifier.html
4,https://engineeringblog.yelp.com/2018/06/how-yelp-modularized-the-android-app.html
4,https://www.thumbtack.com/engineering/high-availability-for-influxdb/
4,https://www.confluent.io/blog/data-dichotomy-rethinking-the-way-we-treat-data-and-services/
4,https://kinvolk.io/blog/2018/02/timing-issues-when-using-bpf-with-virtual-cpus/
4,https://blog.nelhage.com/post/three-kinds-of-leaks/
4,https://blog.codeship.com/codeship-integrates-with-github-enterprise/
4,https://blog.risingstack.com/why-developers-love-node-js-2018-survey/
4,https://codeblog.jonskeet.uk/2018/04/13/backward-compatibility-and-overloading/
4,http://engineering.khanacademy.org/posts/python-refactor-1.htm
4,http://eng.uber.com/keplergl/
4,https://www.joelonsoftware.com/2005/12/29/the-perils-of-javaschools-2/
4,https://os.phil-opp.com/integration-tests/
4,http://blog.joda.org/2018/03/jpms-negative-benefits.html
4,https://www.amitmerchant.com/pocket-avengers/#/
4,https://www.confluent.io/blog/bottled-water-real-time-integration-of-postgresql-and-kafka/
4,https://davidwalsh.name/es7-es8-features
4,https://evilmartians.com/chronicles/rails-5-2-active-storage-and-beyond
4,https://www.pubnub.com/blog/introducing-the-chatengine-plugin-for-vue/
4,https://www.pubnub.com/blog/announcing-the-monkeylearn-block/?devrel_hn=adamb
4,https://dave.cheney.net/2018/01/16/containers-verses-operating-systems
4,https://engineering.linkedin.com/blog/2018/04/css-at-scale--linkedins-new-open-source-projects-take-on-stylesh
4,https://blog.cryptographyengineering.com/2018/04/26/a-few-thoughts-on-ray-ozzies-clear-proposal/
4,https://www.sitepoint.com/improve-your-website-in-2018-with-these-top-wordpress-plugins/
3,https://swizec.com/blog/animating-svg-nodes-react-preact-inferno-vue/swizec/7311
3,https://www.amitmerchant.com/shrug-pwa/
3,https://martinfowler.com/articles/microservice-trade-offs.html
3,https://jeremykun.com/2017/12/29/np-hard-does-not-mean-hard/
3,https://blog.jooq.org/2018/04/01/a-completely-overhauled-modularised-jooq-3-11-ready-for-java-11
3,https://medium.com/strava-engineering/building-activity-tagging-with-an-iterative-approach-6b2240dc6a25
3,https://advancedweb.hu/2018/02/27/21_first_impressions_typescript/
3,https://blog.sqreen.io/authentication-best-practices-vue/
3,https://www.pubnub.com/blog/comparing-pubnub-functions-vs-aws-lambda-functions/?devrel_hn=pnvlambda
3,https://engineering.vena.io/2018/01/12/using-golang-with-a-private-github-and-forks/
3,https://os.phil-opp.com/minimal-rust-kernel/
3,https://blog.sqreen.io/buffer-under-read-ruby/
3,https://adambard.com/blog/stream-processing-core-async/
3,https://blogs.msdn.microsoft.com/pythonengineering/2018/05/31/recap-microsoft-at-pycon-us-2018/
3,https://crystal-lang.org/2018/01/25/amber-crystalizing-rails-and-phoenix.html
3,https://blog.graph.cool/graphql-binding-2-0-improved-api-schema-transforms-automatic-codegen-5934cd039db1
3,https://joearms.github.io/published/2014-02-07-why-programming-is-difficult.html
3,https://backtrace.io/blog/breakpoint-paul-khuong-appnexus/
3,https://martinfowler.com/articles/web-security-basics.html
3,https://tomassetti.me/create-languages/
3,https://www.pubnub.com/blog/build-your-own-uber-lyft-app-geolocation-tracking-android/?devrel_hn=kaushik
3,https://zachholman.com/posts/a-stack-story
3,https://medium.com/@steve.yegge/honestly-i-cant-stand-k8s-48c9a600e405?source=rss-c1ec701babb7------2
3,https://blog.sqreen.io/ico-security/
3,https://advancedweb.hu/2018/06/05/letsencrypt_webroot_vs_standalone/
3,https://engineeringblog.yelp.com/2018/06/fast-order-search.html
3,https://engineering.riotgames.com/news/determinism-league-legends-fixing-divergences
3,https://swizec.com/blog/reactflux-can-do-in-just-137-lines-what-jquery-can-do-in-10
3,https://evilmartians.com/chronicles/stick-with-security-yubikey-ssh-gnupg-macos
3,https://engineering.vena.io/2018/06/04/test-driven-open-source-contributions/
3,http://mherman.org/blog/2018/01/22/stubbing-node-authentication-middleware-with-sinon/#.Wmo0vpOFgeO
3,http://engineering.curalate.com/2018/03/23/DL-lib-for-app-dev-and-prod.html
3,https://code.blender.org/2018/03/blender-2-8-highlights/
3,https://blog.getbootstrap.com/2018/04/30/bootstrap-4-1-1/
3,https://steve-yegge.blogspot.com/2007/02/next-big-language.html
3,https://lambda.grofers.com/data-and-the-bid-to-simplify-grocery-7a93bf781006
3,https://wecode.wepay.com/posts/wetools-an-elixir-cli
3,https://blog.jooq.org/2018/02/20/type-safe-implicit-join-through-path-navigation-in-jooq-3-11/
3,http://huonw.github.io/blog/2016/04/myths-and-legends-about-integer-overflow-in-rust/
3,https://joshtronic.com/2018/04/09/vps-showdown-april-2018-digitalocean-linode-vultr/
3,https://www.pubnub.com/blog/realtime-data-synchronization-image-switcher-with-unity-pubnub/?devrel_hn=jordan
3,https://crystal-lang.org/2018/01/08/top-5-reasons-for-ruby-ists-to-use-crystal.html
3,https://swizec.com/blog/blogging-drive-sales/swizec/8338
3,https://www.pubnub.com/blog/guide-to-realtime-iot-analytics-connecting-devices/?devrel_hn=syed
3,https://os.phil-opp.com/first-edition/
3,https://www.sitepoint.com/apache-vs-nginx-performance-optimization-techniques/
3,https://allegro.tech/2018/05/From-Java-to-Kotlin-and-Back-Again.html
2,https://tomassetti.me/excel-and-dsls/
2,https://meowni.ca/posts/2017-puppeteer-tests/
2,http://aakinshin.net/blog/post/mono-gc-collects/
2,https://www.pluralsight.com/guides/other/introduction-to-augmented-reality-with-arkit
2,https://www.pluralsight.com/guides/software-engineering-best-practices/get-rid-of-that-bottleneck-using-modern-queue-techniques
2,https://wyeworks.com/blog/2018/1/16/Testing-Vuejs-in-Rails-with-Webpacker-and-Jest/
2,https://making.pusher.com/ephemeral-port-exhaustion-and-how-to-avoid-it/index.html
2,https://www.thumbtack.com/engineering/hitchhikers-guide-to-code-reviews/
2,https://heap.engineering/structure-permissions-saas-app/
2,https://evilmartians.com/chronicles/scroll-to-the-future-modern-javascript-css-scrolling-implementations
2,https://engineering.semantics3.com/partitioning-in-postgresql-161e52c367ba
2,https://kinvolk.io/blog/2018/04/flatcar-linux-is-now-open-to-the-public/
2,https://os.phil-opp.com/unit-testing/
2,https://www.pubnub.com/blog/how-we-sped-up-eventually-consistent-databases-global-syncs-through-caching/
2,https://www.paypal-engineering.com/2014/12/10/10-myths-of-enterprise-python/
2,http://engineering.curalate.com/2018/05/16/productionalizing-ecs.html
2,https://blog.graph.cool/introducing-prisma-cloud-a-graphql-database-platform-ed591baa8737?
2,https://swizec.com/blog/why-everything-must-change-every-five-years/swizec/8212
2,https://blog.graph.cool/tutorial-how-to-build-a-graphql-server-with-graphql-yoga-6da86f346e68
2,https://medium.com/strava-engineering/quantifying-effort-through-heart-rate-data-e6a0e3dd6a52
2,https://blog.octo.com/en/clean-node-part-1
2,http://artsy.github.io/blog/2018/05/08/is-graphql-the-future/
2,https://www.thoughtworks.com/insights/blog/implications-tech-stack-complexity-executives
2,http://blog.codefx.org/java/intersection-types-var/
2,https://engineering.foursquare.com/finding-the-perfect-10-how-we-developed-the-foursquare-venue-rating-system-c76b08f7b9b3
2,https://www.pubnub.com/blog/iot-smart-lock-with-secure-access-management-raspberry-pi/?devrel_hn=namratha
2,https://engineering.foursquare.com/chicago-here-we-come-4dd431a7ca66
2,https://blog.sqreen.io/cryptocurrency-exchanges-security/
2,https://engineeringblog.yelp.com/2018/06/yelps-secret-detector.html
2,https://tech.scrunch.com/blog/deep-learning-on-lambda-part-1-architecture-and-performance/
2,https://medium.com/strava-engineering/diversity-within-stravas-engineering-organization-a48d0a0dd9ed
2,https://www.pubnub.com/blog/how-to-launch-your-own-crowdsalable-cryptocurrency-part-3/
2,https://wyeworks.com/blog/2018/1/3/using-git-hooks-to-improve-your-day-to-day-workflow/
2,https://making.pusher.com/unit-testing-io-in-haskell/
2,https://benmccormick.org/2018/02/07/react-confessions/
2,https://medium.com/strava-engineering/guild-week-at-strava-8edc1d7b5274
2,https://engineering.mongodb.com/post/pruning-dynamic-rebuilds-with-libabigail
2,https://techblog.commercetools.com/gss-grid-application-layout-in-production-f60c65a05cfa
2,https://postmarkapp.com/blog/gdpr-get-ready
2,https://making.pusher.com/ephemeral-port-exhaustion-and-how-to-avoid-it/
2,https://kinvolk.io/blog/2018/03/announcing-the-flatcar-linux-project/
2,https://allegro.tech/2018/05/Static-linking-vs-dyld3.html
2,https://ericlippert.com/2016/02/01/west-of-house/
2,http://upcoder.com/19/automatic-object-linkage-with-include-graphs
2,https://lambda.grofers.com/ansible-at-grofers-part-3-managing-ec2-instances-887567124257
2,https://infrequently.org/2018/06/effective-standards-work-part-1-the-lay-of-the-land/
2,https://benmccormick.org/2018/01/07/large-improvements-small-team/
2,https://oleb.net/blog/2018/05/how-i-do-analytics/
2,https://evilmartians.com/chronicles/optimizing-react-virtual-dom-explained
2,https://samsaffron.com/archive/2018/06/13/ruby-x27-s-external-malloc-problem
2,https://www.pluralsight.com/guides/big-data/redis-as-a-dynamic-interconnecting-datastore
2,https://meowni.ca/posts/rl-with-otters/
2,https://drivy.engineering/highlights-from-dotjs/
2,https://medium.com/myntra-engineering/my-journey-with-golang-web-services-4d922a8c9897
2,https://8thlight.com/blog/uncle-bob/2013/02/10/ThePrinciplesOfCraftsmanship.html
2,https://code.blender.org/2018/01/outliner-improvements-in-blender-2-8/
2,https://medium.com/build-addepar/ember-cli-addon-docs-shared-documentation-for-the-ember-ecosystem-6f29aa0cee87
2,https://www.thoughtworks.com/insights/blog/connected-things-not-devices
2,https://codewithstyle.info/building-an-interpreter-with-discriminated-unions/
2,https://medium.com/@steve.yegge/get-that-job-at-grab-eea6de1d8421
2,https://vladmihalcea.com/immutable-entity-jpa-hibernate/
2,https://www.codelitt.com/blog/my-first-10-minutes-on-a-server-primer-for-securing-ubuntu/
2,https://davidwalsh.name/impostor-syndrome
2,https://oleb.net/blog/2018/06/enumerating-enum-cases/
2,https://medium.com/zendesk-engineering/improving-gender-diversity-in-engineering-c352409918e4
2,https://www.sciencenews.org/article/how-ravens-caused-ligo-data-glitch?tgt=nr
2,https://samsaffron.com/archive/2018/06/01/an-analysis-of-memory-bloat-in-active-record-5-2
2,https://medium.com/strava-engineering/time-to-learn-react-e207ca12ad57
2,https://www.pluralsight.com/guides/front-end-javascript/building-a-serverless-web-app-on-aws-services
2,https://devs.mailchimp.com/blog/a-good-api-shouldnt-need-an-sdk/
2,https://benmccormick.org/2018/03/27/cs-basics-boolean/
2,https://blogs.msdn.microsoft.com/pythonengineering/2018/02/15/visual-studio-code-is-now-shipping-with-anaconda/
2,https://www.zillow.com/engineering/debugging-production-event-logging/
2,https://www.pubnub.com/blog/realtime-highscores-leaderboards-in-unity/?devrel_hn=jordan
2,https://www.pluralsight.com/guides/android/boost-android-development-skills-to-produce-quality-apps
2,https://making.pusher.com/alternatives-to-sum-types-in-go/
2,https://blog.evantahler.com/goodbye-scoreboard-guru-40daaaf18c0d
2,https://bjornjohansen.no/www-or-not
2,https://oleb.net/blog/2018/03/making-illegal-states-unrepresentable/
2,https://benmccormick.org/2018/06/05/es6-the-bad-parts/
2,https://evilmartians.com/chronicles
2,https://developer.okta.com/blog/2018/06/07/static-sites-vs-cms
2,https://engineering.squarespace.com/blog/2018/building-on-solid-ground-getting-postgres-foundations-right-with-pgbedrock
2,https://adambard.com/blog/reason-vs-elm-vs-typescript/
2,https://engineering.mongodb.com/post/considering-the-community-effects-of-introducing-an-official-golang-mongodb-driver
2,https://www.raywenderlich.com/188105/introduction-to-the-new-unity-2d-tilemap-system
2,https://vladmihalcea.com/jdbc-driver-connection-url-strings/
1,https://engineering.foursquare.com/phones-lambdas-and-the-joy-of-snap-to-place-technology-2875244100dd
1,https://lambda.grofers.com/show-and-tell-s02e01-10cbb9b349a5
1,https://codewithstyle.info/advanced-functional-programming-typescript-monads-generators/
1,https://useyourloaf.com/blog/wwdc-2018-viewing-guide/
1,https://buildingvts.com/testing-presentational-components-36fb035f46ee
1,https://medium.com/@kirill_shevch/how-to-make-simple-background-jobs-processing-in-rails-with-sucker-punch-9e7128f4db13
1,https://tympanus.net/codrops/2016/05/03/animated-heat-distortion-effects-webgl/
1,https://blog.discordapp.com/the-four-values-of-working-at-discord-90d5b5102cbc
1,https://useyourloaf.com/blog/masked-and-animated-corners/
1,http://rhodesmill.org/brandon/2012/one-sentence-per-line/
1,https://oleb.net/blog/2017/12/swift-imports-fixed-size-c-arrays-as-tuples/
1,https://techblog.appnexus.com/conducting-an-internal-data-science-contest-at-appnexus-e936bdfded8a
1,http://akaptur.com/blog/2013/10/31/python-puzzle-solutions/
1,https://heap.engineering/how-we-write-front-end-code
1,http://iansommerville.com/systems-software-and-technology/what-should-we-teach-in-software-engineering-courses/
1,https://useyourloaf.com/blog/creating-custom-xcode-project-templates/
1,https://blogs.msdn.microsoft.com/pythonengineering/2018/02/01/python-in-visual-studio-code-jan-2018-release/
1,https://meowni.ca/posts/ruby-eh/
1,http://code.hootsuite.com/the-universal-polling-system/
1,https://build.affinity.co/build-a-staging-site-in-15-minutes-cb56b54688da
1,https://engineering.shopify.com/blogs/engineering/future-proofing-our-cloud-storage-usage
1,https://codeblog.jonskeet.uk/2012/11/24/stack-overflow-question-checklist/
1,https://lambda.grofers.com/securing-aws-access-keys-a083ae4a5572
1,https://sites.google.com/site/steveyegge/google-secret-weapon
1,https://medium.com/@steve.yegge/google-doesnt-necessarily-need-innovation-95cea96d0eeb
1,http://blog.rtwilson.com/roadside-leafiness-from-space-part-2/
1,https://blog.fedecarg.com/
1,https://blog.bramp.net/post/2018/01/16/measuring-percentile-latency/
1,https://blog.discordapp.com/how-discord-renders-rich-messages-on-the-android-app-67b0e5d56fbe
1,https://meowni.ca/posts/web-components-with-otters/
1,https://blog.twitter.com/engineering/en_us/topics/infrastructure/2018/a-new-collaboration-with-google-cloud.html
1,https://www.thoughtworks.com/insights/blog/dividing-frontend-backend-antipattern
1,https://techblog.commercetools.com/web-security-for-single-page-applications-great-impact-with-little-effort-a7a506cec20b
1,https://allegro.tech/2018/04/intuition-engineering-at-allegro-with-phobos.html
1,https://joearms.github.io/published/2017-12-18-Calling-Elixir-From-Erlang.html
1,https://oleb.net/blog/2018/03/temp-file-helper/
1,https://heap.engineering/decrypting-pgbouncers-diagnostic-information/
1,https://backtrace.io/blog/compile-once-debug-twice-picking-a-compiler-for-debuggability-1of3/
1,https://joearms.github.io/published/2016-08-08-Draft-Payment-System-in-Erlang.html
1,https://buildingvts.com/launch-multiple-ios-simulators-on-a-single-compile-985fd2ad5eb1
1,https://allegro.tech/2018/03/psychological-needs-at-work.html
1,https://eviltrout.com/2018/05/22/candles-programming-archetypes.html
1,https://medium.com/zendesk-engineering/composable-go-a0d9e65a85e
1,https://blog.graph.cool/graphql-directive-permissions-authorization-made-easy-54c076b5368e
1,https://glebbahmutov.com/blog/renovate-app/
1,https://www.wefearchange.org/2010/06/import-this-and-zen-of-python.html
1,https://philipwalton.com/articles/responsive-components-a-solution-to-the-container-queries-problem/
1,https://developer.okta.com/blog/2018/03/30/everything-you-need-to-know-about-the-twelve-factor-app
1,https://allegro.tech/2018/05/a-comedy-of-errors-debugging-java-memory-leaks.html
1,https://codewithstyle.info/advanced-functional-programming-in-typescript-maybe-monad/
1,https://medium.com/@elbrujohalcon/soft-around-the-globe-863021aab824
1,https://kinvolk.io/blog/2018/04/towards-unprivileged-container-builds/
1,https://wyeworks.com/blog/2018/1/8/how-to-quickly-deploy-a-vuejs-app-to-heroku/
1,https://www.thoughtworks.com/insights/blog/choosing-right-mobile-developments-tools-part-one
1,https://tomassetti.me/interview-to-pedro-j-molina-on-dsls/
1,https://tech.ticketmaster.com/2015/06/30/what-ticketmaster-is-doing-about-technical-debt/
1,http://mishadoff.com/blog/java-magic-part-5-securitymanager/
1,https://benmccormick.org/2018/03/21/cs-basics-variables/
1,https://deezer.io/visualize-your-music-dna-with-data-b1f1b6631b98
1,https://www.raywenderlich.com/187826/whats-new-in-swift-4-1
1,http://engineering.remind.com/redshift-performance-intermix/
1,https://philipwalton.com/articles/what-no-one-told-you-about-z-index/
1,https://samsaffron.com/archive/2018/01/18/my-production-ruby-on-rails-cpu-is-at-100-now-what
1,https://blog.twitter.com/engineering/en_us/topics/infrastructure/2018/Smart-Auto-Cropping-of-Images.html
1,https://blog.graph.cool/graphql-server-basics-demystifying-the-info-argument-in-graphql-resolvers-6f26249f613a
1,https://postmarkapp.com/blog/introducing-postmark-for-ios
1,https://allegro.tech/2017/07/golang-slices-gotcha.html
1,https://vladmihalcea.com/prepersist-preupdate-embeddable-jpa-hibernate/
1,https://infrequently.org/2012/04/bedrock/
1,http://engineering.grab.com/dealing-with-the-meltdown-patch-at-grab
1,https://wyeworks.com/blog/2017/12/28/new-features-in-ruby-2-dot-5-0/
1,https://www.amitmerchant.com/pocket-avengers
1,https://adambard.com/blog/clojure-is-not-for-geniuses/
1,https://www.zynga.com/blogs/engineering/tracking-down-random-nulls-php-couchbase-extension
1,https://useyourloaf.com/blog/quick-guide-to-property-animators/
1,https://benmccormick.org/2018/04/25/the-new-hello-world/
1,https://oleb.net/blog/2018/04/swift-4-1/
1,https://making.pusher.com/golangs-real-time-gc-in-theory-and-practice/
1,https://webuild.envato.com/blog/migrating-edge-providers/
1,https://samsaffron.com/archive/2018/02/16/reducing-string-duplication-in-ruby
1,https://developers.500px.com/udp-load-balancing-with-keepalived-167382d7ad08
1,https://blog.chef.io/2018/03/14/why-why-run-mode-is-considered-harmful/
1,https://useyourloaf.com/blog/replacing-flatmap-with-compactmap/
1,https://loige.co/aws-command-line-s3-content-from-stdin-or-to-stdout/
1,https://idiosyncratic-ruby.com/66-ruby-has-character.html
1,https://oleb.net/blog/2018/06/whats-new-in-swift-4-2-playground/
1,https://backtrace.io/blog/debugging-memory-allocation/
1,https://wyeworks.com/blog/2018/1/15/automatically-managing-personal-and-work-git-configurations/